Item Name,Item Color and Size,Item Sellout time
Verify Tee,Heather Grey - Small,5.2
Verify Tee,Purple - XLarge,5.3
Supreme®/Smurfs™ Denim Trucker Jacket,Blue - Small,6.0
Verify Tee,White - Small,8.5
Verify Tee,Black - Small,13.8
Pharoah Sanders Tee,Black - Small,16.2
Pharoah Sanders Tee,Purple - Small,19.3
Supreme®/Spalding® Washington Basketball,White - N/A,23.7
Supreme®/Smurfs™ Denim Trucker Jacket,Blue - XLarge,32.5
Supreme®/Smurfs™ Denim Trucker Jacket,Black - XLarge,34.2
Supreme®/Spalding® Washington Basketball,Pale Mint - N/A,34.4
Supreme®/Smurfs™ Denim Trucker Jacket,Blue - Large,34.6
Pharoah Sanders Tee,White - Small,34.9
Supreme®/Smurfs™ Denim Trucker Jacket,Black - Small,34.9
Futura Logo Tee,Purple - Small,47.0
Futura Logo Tee,Purple - XLarge,49.8
Verify Tee,Black - XLarge,49.8
Camo Logo Skateboard,"Pink Camo - 8.125"" x 32"" - 8 1/4",50.1
Verify Tee,Heather Grey - XLarge,50.3
Jet Tee,Red - Small,54.2
Jet Tee,Purple - Small,54.6
Supreme®/Smurfs™ GORE-TEX Shell Jacket,Woodland Camo - Small,54.8
Verify Tee,Navy - Small,57.1
S Logo New Era®,Navy - 8,58.1
Verify Tee,Red - Small,59.1
Futura Logo Tee,Black - Small,60.8
Verify Tee,Heather Grey - Large,61.4
Verify Tee,Orange - Small,61.4
Verify Tee,Purple - Large,61.4
Supreme®/Hanes® Boxer Briefs (4 Pack),Black - Medium,65.1
Pharoah Sanders Tee,Black - XLarge,65.1
Pharoah Sanders Tee,Purple - Large,65.1
Pharoah Sanders Tee,Purple - XLarge,65.3
Supreme®/Smurfs™ Denim Trucker Jacket,Blue - Medium,68.2
Lovers Tee,Purple - Small,68.3
Supreme®/Smurfs™ Denim Trucker Jacket,Black - Medium,68.4
Supreme®/Smurfs™ Denim Trucker Jacket,Black - Large,68.6
Blow Back Rayon S/S Shirt,Multicolor - Small,72.7
Supreme®/Hanes® Tagless Tees (3 Pack),Black - XLarge,77.7
Jet Tee,Navy - Small,78.1
Balloons Tee,Black - Small,79.9
Futura Logo Tee,Red - Small,80.2
Futura Logo Tee,Bright Blue - Small,80.5
Futura Logo Tee,Woodland Camo - Small,80.5
Futura Logo Tee,Woodland Camo - XLarge,80.5
Futura Logo Tee,Purple - Large,80.5
Supreme®/Smurfs™ GORE-TEX Shell Jacket,Woodland Camo - XLarge,80.7
Supreme®/Hanes® Boxer Briefs (4 Pack),Black - Large,83.7
Jet Tee,Purple - XLarge,84.5
Pharoah Sanders Tee,Navy - Small,85.4
Pharoah Sanders Tee,Black - Large,86.9
Supreme®/Smurfs™ Regular Jean,Black - 36,87.5
S Logo New Era®,Bright Blue - 8,90.0
Nuova York Tee,Light Pink - Small,91.2
Verify Tee,Heather Grey - Medium,93.0
Verify Tee,Black - Large,93.1
Verify Tee,Purple - Medium,93.1
Blow Back Rayon S/S Shirt,Multicolor - XLarge,96.0
Stay Positive Tee,Purple - Small,97.4
Supreme®/Smurfs™ Regular Jean,Black - 30,103.0
Supreme®/Smurfs™ Regular Jean,Blue - 36,109.1
Big Arc Crewneck,Heather Grey - Small,109.7
Pharoah Sanders Tee,Cardinal - Small,109.9
Futura Logo Tee,Black - XLarge,112.1
Futura Logo Tee,White - Small,112.2
Futura Logo Tee,Ash Grey - Small,112.2
Supreme®/Bicycle® Clear Playing Cards,Red - N/A,112.6
Supreme®/Smurfs™ Regular Jean,Black - 34,113.0
Jet Tee,Black - Small,113.4
Jet Tee,Orange - XLarge,113.4
Jet Tee,Purple - Large,113.4
Blow Back Rayon S/S Shirt,Multicolor - Large,113.5
Blow Back Rayon S/S Shirt,Black - XLarge,113.6
Lovers Tee,Purple - XLarge,118.3
Icy Arc Hooded Sweatshirt,Bright Coral - Small,119.4
Futura Logo Tee,Purple - Medium,119.9
S Logo New Era®,Navy - 7 3/4,121.7
Icy Arc Hooded Sweatshirt,Ash Grey - Small,122.9
Verify Tee,Black - Medium,123.6
Verify Tee,White - XLarge,123.8
Verify Tee,Navy - XLarge,123.8
Verify Tee,Woodland Camo - Small,123.8
Jet Tee,Purple - Medium,124.0
S Logo New Era®,Bright Blue - 7 3/4,138.1
Pharoah Sanders Tee,Light Pine - Small,139.2
Supreme®/Hanes® Boxer Briefs (4 Pack),Black - Small,144.1
S Logo New Era®,Black - 8,144.6
Pharoah Sanders Tee,Black - Medium,144.7
Pharoah Sanders Tee,Yellow - Small,144.7
Blow Back Rayon S/S Shirt,Black - Small,148.3
Supreme®/Smurfs™ Regular Jean,Black - 32,150.2
Nuova York Tee,White - Small,150.5
Stay Positive Tee,Purple - XLarge,153.6
Verify Tee,White - Large,153.7
Verify Tee,Navy - Large,153.7
Supreme®/Smurfs™ GORE-TEX Shell Jacket,Woodland Camo - Large,157.2
Bleed Logo S/S Top,Purple - Small,157.3
Camo Logo Skateboard,"Blue Camo - 8"" x 32"" - 8",159.6
Icy Arc Hooded Sweatshirt,Navy - Small,160.7
Pharoah Sanders Tee,Purple - Medium,166.0
S Logo New Era®,Bright Blue - 7 1/8,168.2
Lovers Tee,Purple - Large,170.2
Big Arc Crewneck,Light Yellow - Small,172.0
Balloons Tee,Black - XLarge,172.9
Pharoah Sanders Tee,White - XLarge,178.8
Blow Back Rayon S/S Shirt,Multicolor - Medium,179.7
